session_size,accuracy,macro_f1
3,0.8094218415417559,0.7430507540645682
5,0.8601769911504424,0.8254627561144943
10,0.8804326241134752,0.8137278511659735
